<edmx:Edmx xmlns:edmx="http://docs.oasis-open.org/odata/ns/edmx" Version="4.0">
	<edmx:Reference Uri="/sap/opu/odata/sap/ZLOG_S_STO_DELY_COMP_OMS_SRV/$metadata">
		<edmx:Include Alias="Metadata" Namespace="ZLOG_S_STO_DELY_COMP_OMS_SRV"/>
	</edmx:Reference>
	<edmx:Reference Uri="https://wiki.scn.sap.com/wiki/download/attachments/448470968/UI.xml?api=v2">
		<edmx:Include Alias="UI" Namespace="com.sap.vocabularies.UI.v1"/>
	</edmx:Reference>
	<edmx:Reference Uri="https://wiki.scn.sap.com/wiki/download/attachments/448470974/Common.xml?api=v2">
		<edmx:Include Alias="Common" Namespace="com.sap.vocabularies.Common.v1"/>
	</edmx:Reference>
	<edmx:DataServices>
		<Schema xmlns="http://docs.oasis-open.org/odata/ns/edm"
			Namespace="log.dornroeschen.bestandsreport.annotations.annotation0.ZLOG_S_STO_DELY_COMP_OMS_SRV">
			<Annotations Target="Metadata.BestandsreportOutput">
				<Annotation Term="UI.SelectionFields">
					<Collection>
						<PropertyPath>Werks</PropertyPath>
						<PropertyPath>Lgort</PropertyPath>
						<PropertyPath>Matnr</PropertyPath>
						<PropertyPath>NurDiff</PropertyPath>
					</Collection>
				</Annotation>
				<Annotation Term="UI.LineItem">
					<Collection>
						<Record Type="UI.DataField">
							<PropertyValue Property="Value" Path="Werks"/>
						</Record>
						<Record Type="UI.DataField">
							<PropertyValue Property="Value" Path="Lgort"/>
						</Record>
						<Record Type="UI.DataField">
							<PropertyValue Property="Value" Path="Matnr"/>
						</Record>
						<Record Type="UI.DataField">
							<PropertyValue Property="Value" Path="Vbeln"/>
						</Record>
						<Record Type="UI.DataField">
							<PropertyValue Property="Value" Path="Labst"/>
						</Record>
						<Record Type="UI.DataField">
							<PropertyValue Property="Value" Path="Lfimg"/>
						</Record>
						<Record Type="UI.DataField">
							<PropertyValue Property="Value" Path="Meins"/>
						</Record>
						<Record Type="UI.DataField">
							<PropertyValue Property="Value" Path="Speme"/>
						</Record>
						<Record Type="UI.DataField">
							<PropertyValue Property="Value" Path="Diff"/>
						</Record>
					</Collection>
				</Annotation>
			</Annotations>
			<Annotations Target="Metadata.BestandsreportOutput/Lgort">
				<Annotation Term="Common.Label" String="{@i18n&gt;lblLgort}"/>
				<Annotation Term="Common.ValueList">
					<Record Type="Common.ValueListType">
						<PropertyValue Property="CollectionPath" String="LgortTypSet"/>
						<PropertyValue Property="Parameters">
							<Collection>
								<Record Type="Common.ValueListParameterInOut">
									<PropertyValue Property="LocalDataProperty" PropertyPath="Lgort"/>
									<PropertyValue Property="ValueListProperty" String="Lgort"/>
								</Record>
								<Record Type="Common.ValueListParameterDisplayOnly">
									<PropertyValue Property="ValueListProperty" String="Discription"/>
								</Record>
							</Collection>
						</PropertyValue>
					</Record>
				</Annotation>
			</Annotations>
			<Annotations Target="Metadata.BestandsreportOutput/NurDiff">
				<Annotation Term="Common.Label" String="{@i18n&gt;lblDif}"/>
				<Annotation Term="Common.ValueList">
					<Record Type="Common.ValueListType">
						<PropertyValue Property="CollectionPath" String="NurDiffSet"/>
						<PropertyValue Property="Parameters">
							<Collection>
								<Record Type="Common.ValueListParameterInOut">
									<PropertyValue Property="LocalDataProperty" PropertyPath="NurDiff"/>
									<PropertyValue Property="ValueListProperty" String="Nurdiff"/>
								</Record>
							</Collection>
						</PropertyValue>
					</Record>
				</Annotation>
			</Annotations>
			<Annotations Target="Metadata.BestandsreportOutput/Werks">
				<Annotation Term="Common.Label" String="{@i18n&gt;lblWerks}"/>
				<Annotation Term="Common.ValueList">
					<Record Type="Common.ValueListType">
						<PropertyValue Property="CollectionPath" String="WerksTypSet"/>
						<PropertyValue Property="Parameters">
							<Collection>
								<Record Type="Common.ValueListParameterInOut">
									<PropertyValue Property="LocalDataProperty" PropertyPath="Werks"/>
									<PropertyValue Property="ValueListProperty" String="Werks"/>
								</Record>
							</Collection>
						</PropertyValue>
					</Record>
				</Annotation>
			</Annotations>
		</Schema>
	</edmx:DataServices>
</edmx:Edmx>