{
  "welcomeFile": "/webapp/index.html",
  "routes": [
    {
      "path": "/resources",
      "target": {
        "type": "service",
        "name": "sapui5",
        "entryPath": "/resources",
        "version": "1.52.45"
      },
      "description": "SAPUI5 Resources"
    },
    {
      "path": "/test-resources",
      "target": {
        "type": "service",
        "name": "sapui5",
        "entryPath": "/test-resources",
        "version": "1.52.45"
      },
      "description": "SAPUI5 Resources"
    },
    {
      "path": "/webapp/resources",
      "target": {
        "type": "service",
        "name": "sapui5",
        "entryPath": "/resources",
        "version": "1.52.45"
      },
      "description": "SAPUI5 Resources"
    },
    {
      "path": "/webapp/test-resources",
      "target": {
        "type": "service",
        "name": "sapui5",
        "entryPath": "/test-resources",
        "version": "1.52.45"
      },
      "description": "SAPUI5 Test Resources"
    },
    {
      "path": "/sap/opu/odata",
      "target": {
        "type": "destination",
        "name": "GW-DA1-HTTP",
        "entryPath": "/sap/opu/odata"
      },
      "description": "DA1CLNT040_HTTP_OnPremise"
    }
  ],
  "sendWelcomeFileRedirect": true
}