<?xml version="1.0" encoding="utf-8"?>
<edmx:Edmx Version="1.0" xmlns:edmx="http://schemas.microsoft.com/ado/2007/06/edmx"
	xmlns:m="http://schemas.microsoft.com/ado/2007/08/dataservices/metadata" xmlns:sap="http://www.sap.com/Protocols/SAPData">
	<edmx:DataServices m:DataServiceVersion="2.0">
		<Schema Namespace="ZLOG_S_STO_DELY_COMP_OMS_SRV" xml:lang="en" sap:schema-version="1" xmlns="http://schemas.microsoft.com/ado/2008/09/edm">
			<EntityType Name="LgortTyp" sap:content-version="1">
				<Key><PropertyRef Name="Lgort"/></Key><Property Name="Lgort" Type="Edm.String" Nullable="false" MaxLength="4" sap:label="Stor. Location" sap:creatable="false"
					sap:updatable="false" sap:sortable="false"/><Property Name="Discription" Type="Edm.String" Nullable="false" MaxLength="60" sap:label="Short description" sap:creatable="false"
					sap:updatable="false" sap:sortable="false" sap:filterable="false"/></EntityType>
			<EntityType Name="Werks" sap:content-version="1">
				<Key><PropertyRef Name="Site"/></Key><Property Name="Site" Type="Edm.String" Nullable="false" MaxLength="4" sap:label="Plant" sap:creatable="false" sap:updatable="false"
					sap:sortable="false" sap:filterable="false"/><Property Name="Discription" Type="Edm.String" Nullable="false" MaxLength="60" sap:label="Short description" sap:creatable="false"
					sap:updatable="false" sap:sortable="false" sap:filterable="false"/></EntityType>
			<EntityType Name="BestandsreportOutput" sap:content-version="1">
				<Key><PropertyRef Name="Werks"/><PropertyRef Name="Lgort"/><PropertyRef Name="Matnr"/></Key><Property Name="Werks" Type="Edm.String" Nullable="false" MaxLength="4" sap:label="Plant" sap:creatable="false" sap:updatable="false"
					sap:sortable="false"/><Property Name="Lgort" Type="Edm.String" Nullable="false" MaxLength="4" sap:label="Stor. Location" sap:creatable="false"
					sap:updatable="false" sap:sortable="false"/><Property Name="Lfart" Type="Edm.String" Nullable="false" MaxLength="4" sap:label="Lieferscheinart" sap:creatable="false"
					sap:updatable="false" sap:sortable="false" sap:filterable="false"/><Property Name="Matnr" Type="Edm.String" Nullable="false" MaxLength="18" sap:label="Material" sap:creatable="false" sap:updatable="false"
					sap:sortable="false"/><Property Name="Labst" Type="Edm.Decimal" Nullable="false" Precision="13" Scale="3" sap:unit="Meins" sap:label="Unrestricted"
					sap:creatable="false" sap:updatable="false" sap:sortable="false" sap:filterable="false"/><Property Name="Speme" Type="Edm.Decimal" Nullable="false" Precision="13" Scale="3" sap:unit="Meins" sap:label="Blocked"
					sap:creatable="false" sap:updatable="false" sap:sortable="false" sap:filterable="false"/><Property Name="Lfimg" Type="Edm.Decimal" Nullable="false" Precision="13" Scale="3" sap:unit="Meins" sap:label="Delivery qty"
					sap:creatable="false" sap:updatable="false" sap:sortable="false" sap:filterable="false"/><Property Name="Diff" Type="Edm.Decimal" Nullable="false" Precision="13" Scale="3" sap:unit="Meins" sap:label="Differenz"
					sap:creatable="false" sap:updatable="false" sap:sortable="false" sap:filterable="false"/><Property Name="Meins" Type="Edm.String" Nullable="false" MaxLength="3" sap:label="Base Unit" sap:creatable="false" sap:updatable="false"
					sap:sortable="false" sap:filterable="false" sap:semantics="unit-of-measure"/></EntityType>
			<EntityContainer Name="ZLOG_S_STO_DELY_COMP_OMS_SRV_Entities" m:IsDefaultEntityContainer="true" sap:supported-formats="atom json xlsx"><EntitySet Name="LgortTypSet" EntityType="ZLOG_S_STO_DELY_COMP_OMS_SRV.LgortTyp" sap:creatable="false" sap:deletable="false"
				sap:searchable="true" sap:pageable="false" sap:content-version="1"/><EntitySet Name="WerksSet" EntityType="ZLOG_S_STO_DELY_COMP_OMS_SRV.Werks" sap:creatable="false" sap:updatable="false" sap:deletable="false"
				sap:pageable="false" sap:content-version="1"/><EntitySet Name="BestandsreportOutputSet" EntityType="ZLOG_S_STO_DELY_COMP_OMS_SRV.BestandsreportOutput" sap:creatable="false"
				sap:updatable="false" sap:deletable="false" sap:pageable="false" sap:content-version="1"/></EntityContainer><atom:link rel="self"
				href="https://webidecp-nivz7dyxa4.dispatcher.hana.ondemand.com/destinations/GW-DA1-HTTP/sap/opu/odata/sap/ZLOG_S_STO_DELY_COMP_OMS_SRV/$metadata"
				xmlns:atom="http://www.w3.org/2005/Atom"/><atom:link rel="latest-version"
				href="https://webidecp-nivz7dyxa4.dispatcher.hana.ondemand.com/destinations/GW-DA1-HTTP/sap/opu/odata/sap/ZLOG_S_STO_DELY_COMP_OMS_SRV/$metadata"
				xmlns:atom="http://www.w3.org/2005/Atom"/></Schema>
	</edmx:DataServices>
</edmx:Edmx>